KEY;Document;Document Category;Document Type;Means of Transport;Gross Weight;Gross Weight UoM;Gross Volume;Gross Volume UoM;Net Weight;Net Weight UoM;Quantity;Quantity UoM;Tare Weight;Tare Weight UoM;Calculated CO₂ Emissions;Calculated CO₂ Emissions UoM;Total Distance;Total Net Duration,
005056AB7BFC1FD0AFF7CF88AD347A14;4100011317;FU;ZFUM;;73;KG;01. Jun;M3;0;;0;;0;;0;;232.555.521;02:54
005056AB7BFC1FD0AFF7CF88AD34FA14;4100011318;FU;ZFUM;;39;KG;0.3;M3;0;;0;;0;;0;;232.555.521;02:54
005056AB7BFC1FD0AFF7CF88AD353A14;4100011319;FU;ZFUM;;56;KG;01. Feb;M3;0;;0;;0;;0;;1.030.518;,
005056AB7BFC1FD0AFF7CF88AD35BA14;4100011320;FU;ZFUM;;62;KG;02. Jan;M3;0;;0;;0;;0;;0.405535;,
005056AB7BFC1FD0AFF7CF88AD365A14;4100011321;FU;ZFUM;;11;KG;0.6;M3;0;;0;;0;;0;;1.081.947;,
005056AB7BFC1FD0AFF7CF88AD369A14;4100011322;FU;ZFUM;;67;KG;1;M3;0;;0;;0;;0;;35.017.215;00:26
005056AB7BFC1FD0AFF7CF88AD36FA14;4100011323;FU;ZFUM;;118;KG;02. Sep;M3;0;;0;;0;;0;;3.323.863;00:02
005056AB7BFC1FD0AFF7CF88AD37BA14;4100011324;FU;ZFUM;;145;KG;02. Jan;M3;0;;0;;0;;0;;1.536.793;00:01
005056AB7BFC1FD0AFF7CF88AD385A14;4100011325;FU;ZFUM;;30;KG;0.9;M3;0;;0;;0;;0;;3.636.812;00:02
005056AB7BFC1FD0AFF7CF88AD389A14;4100011326;FU;ZFUM;;41;KG;1;M3;0;;0;;0;;0;;64.089.723;00:48
005056AB7BFC1FD0AFF7CF88AD38DA14;4100011327;FU;ZFUM;;112;KG;03. Feb;M3;0;;0;;0;;0;;44.653.879;00:33
005056AB7BFC1FD0AFF7CF88AD397A14;4100011328;FU;ZFUM;;94;KG;01. Jun;M3;0;;0;;0;;0;;36.351.698;00:27
005056AB7BFC1FD0AFF7CF88AD39FA14;4100011329;FU;ZFUM;;22;KG;1;M3;0;;0;;0;;0;;35.835.514;00:26
005056AB7BFC1FD0AFF7CF88AD3A5A14;4100011330;FU;ZFUM;;57;KG;0.7;M3;0;;0;;0;;0;;11.987.814;00:08
005056AB7BFC1FD0AFF7CF88AD3ABA14;4100011331;FU;ZFUM;;106;KG;02. Apr;M3;0;;0;;0;;0;;5.110.236;00:03
005056AB7BFC1FD0AFF7CF88AD3B3A14;4100011332;FU;ZFUM;;51;KG;0.8;M3;0;;0;;0;;0;;28.538.365;00:21
005056AB7BFC1FD0AFF7CF88AD3B9A14;4100011333;FU;ZFUM;;69;KG;02. Jan;M3;0;;0;;0;;0;;1.438.153;00:01
005056AB7BFC1FD0AFF7CF88AD3C1A14;4100011334;FU;ZFUM;;32;KG;02. Jan;M3;0;;0;;0;;0;;2.097.900;00:01
005056AB7BFC1FD0AFF7CF88AD3C9A14;4100011335;FU;ZFUM;;89;KG;01. Jun;M3;0;;0;;0;;0;;1.745.193;00:01
005056AB7BFC1FD0AFF7CF88AD3D1A14;4100011336;FU;ZFUM;;28;KG;0.8;M3;0;;0;;0;;0;;1.624.333;00:01
005056AB7BFC1FD0AFF7CF88AD3D5A14;4100011337;FU;ZFUM;;35;KG;01. Feb;M3;0;;0;;0;;0;;46.716.687;00:35
005056AB7BFC1FD0AFF7CF88AD3DBA14;4100011338;FU;ZFUM;;84;KG;01. Apr;M3;0;;0;;0;;0;;6.659.815;00:05
005056AB7BFC1FD0AFF7CF88AD3E5A14;4100011339;FU;ZFUM;;79;KG;1;M3;0;;0;;0;;0;;2.271.663;00:01
005056AB7BFC1FD0AFF7CF88AD3EDA14;4100011340;FU;ZFUM;;60;KG;0.7;M3;0;;0;;0;;0;;9.200.288;00:06
005056AB7BFC1FD0AFF7CF88AD3F3A14;4100011341;FU;ZFUM;;63;KG;02. Mrz;M3;0;;0;;0;;0;;1.501.072;00:01
005056AB7BFC1FD0AFF7CF88AD3FDA14;4100011342;FU;ZFUM;;38;KG;01. Feb;M3;0;;0;;0;;0;;3.469.247;00:02
005056AB7BFC1FD0AFF7CF88AD403A14;4100011343;FU;ZFUM;;98;KG;02. Mai;M3;0;;0;;0;;0;;1.880.101;00:01
005056AB7BFC1FD0AFF7CF88AD40BA14;4100011344;FU;ZFUM;;60;KG;02. Apr;M3;0;;0;;0;;0;;34.258.626;00:25
005056AB7BFC1FD0AFF7CF88AD413A14;4100011345;FU;ZFUM;;67;KG;02. Mai;M3;0;;0;;0;;0;;35.020.107;00:26
005056AB7BFC1FD0AFF7CF88AD41DA14;4100011346;FU;ZFUM;;80;KG;01. Mrz;M3;0;;0;;0;;0;;1.703.921;00:01
005056AB7BFC1FD0AFF7CF88AD427A14;4100011347;FU;ZFUM;;133;KG;2;M3;0;;0;;0;;0;;38.805.729;00:29
005056AB7BFC1FD0AFF7CF88AD431A14;4100011348;FU;ZFUM;;66;KG;03. Mrz;M3;0;;0;;0;;0;;32.986.257;00:24
005056AB7BFC1FD0AFF7CF88AD43BA14;4100011349;FU;ZFUM;;135;KG;02. Sep;M3;0;;0;;0;;0;;6.853.613;00:05
005056AB7BFC1FD0AFF7CF88AD445A14;4100011350;FU;ZFUM;;63;KG;01. Feb;M3;0;;0;;0;;0;;20.240.593;00:15
005056AB7BFC1FD0AFF7CF88AD44BA14;4100011351;FU;ZFUM;;87;KG;02. Jul;M3;0;;0;;0;;0;;3.052.446;00:02
005056AB7BFC1FD0AFF7CF88AD457A14;4100011352;FU;ZFUM;;95;KG;01. Jun;M3;0;;0;;0;;0;;1.780.157;00:01
005056AB7BFC1FD0AFF7CF88AD45FA14;4100011353;FU;ZFUM;;64;KG;01. Sep;M3;0;;0;;0;;0;;0.416382;,
005056AB7BFC1FD0AFF7CF88AD467A14;4100011354;FU;ZFUM;;111;KG;02. Jun;M3;0;;0;;0;;0;;3.137.512;00:02
005056AB7BFC1FD0AFF7CF88AD471A14;4100011355;FU;ZFUM;;94;KG;03. Jun;M3;0;;0;;0;;0;;44.236.773;00:33
005056AB7BFC1FD0AFF7CF88AD47DA14;4100011356;FU;ZFUM;;98;KG;03. Aug;M3;0;;0;;0;;0;;28.550.352;00:21
005056AB7BFC1FD0AFF7CF88AD489A14;4100011357;FU;ZFUM;;103;KG;2;M3;0;;0;;0;;0;;38.029.364;00:28
005056AB7BFC1FD0AFF7CF88AD493A14;4100011358;FU;ZFUM;;47;KG;01. Feb;M3;0;;0;;0;;0;;0.349676;,
005056AB7BFC1FD0AFF7CF88AD49BA14;4100011359;FU;ZFUM;;84;KG;01. Jan;M3;0;;0;;0;;0;;1.941.890;00:01
005056AB7BFC1FD0AFF7CF88AD4A1A14;4100011360;FU;ZFUM;;66;KG;01. Mrz;M3;0;;0;;0;;0;;15.903.465;00:11
005056AB7BFC1FD0AFF7CF88AD4A9A14;4100011361;FU;ZFUM;;100;KG;0.9;M3;0;;0;;0;;0;;15.392.656;00:11
005056AB7BFC1FD0AFF7CF88AD4B1A14;4100011362;FU;ZFUM;;124;KG;03. Feb;M3;0;;0;;0;;0;;54.275.585;00:40
005056AB7BFC1FD0AFF7CF88AD4BDA14;4100011363;FU;ZFUM;;41;KG;01. Jun;M3;0;;0;;0;;0;;16.345.659;00:12
005056AB7BFC1FD0AFF7CF88AD4C3A14;4100011364;FU;ZFUM;;6;KG;0.6;M3;0;;0;;0;;0;;1.025.620;,
005056AB7BFC1FD0AFF7CF88AD4C7A14;4100011365;FU;ZFUM;;108;KG;02. Sep;M3;0;;0;;0;;0;;39.696.859;00:29
005056AB7BFC1FD0AFF7CF88AD4D3A14;4100011366;FU;ZFUM;;95;KG;03. Jan;M3;0;;0;;0;;0;;17.280.638;00:12
005056AB7BFC1FD0AFF7CF88AD4DFA14;4100011367;FU;ZFUM;;97;KG;0.7;M3;0;;0;;0;;0;;30.840.332;00:23
005056AB7BFC1FD0AFF7CF88AD4E7A14;4100011368;FU;ZFUM;;38;KG;01. Apr;M3;0;;0;;0;;0;;44.244.186;00:33
005056AB7BFC1FD0AFF7CF88AD4EDA14;4100011369;FU;ZFUM;;154;KG;02. Mai;M3;0;;0;;0;;0;;0.500854;,
005056AB7BFC1FD0AFF7CF88AD4F9A14;4100011370;FU;ZFUM;;72;KG;02. Jul;M3;0;;0;;0;;0;;0.984775;,
005056AB7BFC1FD0AFF7CF88AD503A14;4100011371;FU;ZFUM;;138;KG;02. Apr;M3;0;;0;;0;;0;;5.434.266;00:04
005056AB7BFC1FD0AFF7CF88AD50FA14;4100011372;FU;ZFUM;;69;KG;02. Apr;M3;0;;0;;0;;0;;8.049.311;00:06
005056AB7BFC1FD0AFF7CF88AD517A14;4100011373;FU;ZFUM;;10;KG;0.5;M3;0;;0;;0;;0;;6.233.245;00:04
005056AB7BFC1FD0AFF7CF88AD51BA14;4100011374;FU;ZFUM;;148;KG;03. Sep;M3;0;;0;;0;;0;;2.028.825;00:01
005056AB7BFC1FD0AFF7CF88AD527A14;4100011375;FU;ZFUM;;92;KG;02. Sep;M3;0;;0;;0;;0;;60.592.391;00:45
005056AB7BFC1FD0AFF7CF88AD531A14;4100011376;FU;ZFUM;;86;KG;02. Jun;M3;0;;0;;0;;0;;31.246.613;00:23
005056AB7BFC1FD0AFF7CF88AD53BA14;4100011377;FU;ZFUM;;36;KG;01. Mai;M3;0;;0;;0;;0;;2.100.722;00:01
005056AB7BFC1FD0AFF7CF88AD541A14;4100011378;FU;ZFUM;;61;KG;0.5;M3;0;;0;;0;;0;;6.706.692;00:05
005056AB7BFC1FD0AFF7CF88AD547A14;4100011379;FU;ZFUM;;94;KG;01. Aug;M3;0;;0;;0;;0;;34.086.074;00:25
005056AB7BFC1FD0AFF7CF88AD54FA14;4100011380;FU;ZFUM;;142;KG;02. Feb;M3;0;;0;;0;;0;;10.115.751;00:07
005056AB7BFC1FD0AFF7CF88AD55BA14;4100011381;FU;ZFUM;;89;KG;02. Mrz;M3;0;;0;;0;;0;;33.844.650;00:25
005056AB7BFC1FD0AFF7CF88AD563A14;4100011382;FU;ZFUM;;41;KG;0.8;M3;0;;0;;0;;0;;36.174.635;00:27
005056AB7BFC1FD0AFF7CF88AD567A14;4100011383;FU;ZFUM;;50;KG;01. Mrz;M3;0;;0;;0;;0;;25.073.992;00:18
005056AB7BFC1FD0AFF7CF88AD56FA14;4100011384;FU;ZFUM;;70;KG;01. Feb;M3;0;;0;;0;;0;;35.999.842;00:27
005056AB7BFC1FD0AFF7CF88AD575A14;4100011385;FU;ZFUM;;151;KG;01. Mai;M3;0;;0;;0;;0;;5.841.958;00:04
005056AB7BFC1FD0AFF7CF88AD581A14;4100011386;FU;ZFUM;;67;KG;1;M3;0;;0;;0;;0;;16.090.204;00:12
005056AB7BFC1FD0AFF7CF88AD587A14;4100011387;FU;ZFUM;;100;KG;01. Aug;M3;0;;0;;0;;0;;11.142.142;00:08
005056AB7BFC1FD0AFF7CF88AD58FA14;4100011388;FU;ZFUM;;61;KG;1;M3;0;;0;;0;;0;;12.474.624;00:09
005056AB7BFC1FD0AFF7CF88AD595A14;4100011389;FU;ZFUM;;86;KG;02. Feb;M3;0;;0;;0;;0;;1.472.310;00:01
005056AB7BFC1FD0AFF7CF88AD59FA14;4100011390;FU;ZFUM;;11;KG;0.1;M3;0;;0;;0;;0;;1.975.806;00:01
005056AB7BFC1FD0AFF7CF88AD5A3A14;4100011391;FU;ZFUM;;73;KG;0.2;M3;0;;0;;0;;0;;0.469676;,
005056AB7BFC1FD0AFF7CF88AD5A9A14;4100011392;FU;ZFUM;;87;KG;01. Mrz;M3;0;;0;;0;;0;;34.170.511;00:25
005056AB7BFC1FD0AFF7CF88AD5B1A14;4100011393;FU;ZFUM;;97;KG;02. Mai;M3;0;;0;;0;;0;;28.920.308;00:21
005056AB7BFC1FD0AFF7CF88AD5BBA14;4100011394;FU;ZFUM;;88;KG;02. Jul;M3;0;;0;;0;;0;;1.230.667;,
005056AB7BFC1FD0AFF7CF88AD5C5A14;4100011395;FU;ZFUM;;46;KG;01. Apr;M3;0;;0;;0;;0;;1.860.046;00:01
005056AB7BFC1FD0AFF7CF88AD5CBA14;4100011396;FU;ZFUM;;62;KG;01. Jun;M3;0;;0;;0;;0;;35.299.725;00:26
005056AB7BFC1FD0AFF7CF88AD5D3A14;4100011397;FU;ZFUM;;78;KG;0.7;M3;0;;0;;0;;0;;2.856.864;00:02
005056AB7BFC1FD0AFF7CF88AD5DBA14;4100011398;FU;ZFUM;;156;KG;02. Aug;M3;0;;0;;0;;0;;4.527.824;00:03
005056AB7BFC1FD0AFF7CF88AD5E7A14;4100011399;FU;ZFUM;;135;KG;02. Sep;M3;0;;0;;0;;0;;35.393.075;00:26
005056AB7BFC1FD0AFF7CF88AD5F3A14;4100011400;FU;ZFUM;;54;KG;1;M3;0;;0;;0;;0;;16.842.833;00:12
005056AB7BFC1FD0AFF7CF88AD5F9A14;4100011401;FU;ZFUM;;94;KG;02. Jan;M3;0;;0;;0;;0;;15.395.581;00:11
005056AB7BFC1FD0AFF7CF88AD603A14;4100011402;FU;ZFUM;;8;KG;0.9;M3;0;;0;;0;;0;;15.255.217;00:11
005056AB7BFC1FD0AFF7CF88AD607A14;4100011403;FU;ZFUM;;17;KG;0.4;M3;0;;0;;0;;0;;37.675.124;00:28
005056AB7BFC1FD0AFF7CF88AD60BA14;4100011404;FU;ZFUM;;47;KG;0.7;M3;0;;0;;0;;0;;1.534.733;00:01
005056AB7BFC1FD0AFF7CF88AD611A14;4100011405;FU;ZFUM;;37;KG;0.3;M3;0;;0;;0;;0;;1.518.456;00:01
005056AB7BFC1FD0AFF7CF88AD615A14;4100011406;FU;ZFUM;;65;KG;01. Aug;M3;0;;0;;0;;0;;40.098.417;00:30
005056AB7BFC1FD0AFF7CF88AD61DA14;4100011407;FU;ZFUM;;17;KG;0.2;M3;0;;0;;0;;0;;61.377.532;00:46
005056AB7BFC1FD0AFF7CF88AD621A14;4100011408;FU;ZFUM;;79;KG;1;M3;0;;0;;0;;0;;1.066.959;,
005056AB7BFC1FD0AFF7CF88AD629A14;4100011409;FU;ZFUM;;132;KG;02. Jul;M3;0;;0;;0;;0;;6.534.063;00:04
005056AB7BFC1FD0AFF7CF88AD635A14;4100011410;FU;ZFUM;;169;KG;02. Sep;M3;0;;0;;0;;0;;15.537.781;00:11
005056AB7BFC1FD0AFF7CF88AD641A14;4100011411;FU;ZFUM;;114;KG;02. Apr;M3;0;;0;;0;;0;;11.902.595;00:08
005056AB7BFC1FD0AFF7CF88AD64DA14;4100011412;FU;ZFUM;;13;KG;0.8;M3;0;;0;;0;;0;;3.063.299;00:02
005056AB7BFC1FD0AFF7CF88AD651A14;4100011413;FU;ZFUM;;142;KG;1;M3;0;;0;;0;;0;;33.995.444;00:25
005056AB7BFC1FD0AFF7CF88AD65BA14;4100011414;FU;ZFUM;;7;KG;0.5;M3;0;;0;;0;;0;;2.673.564;00:02
005056AB7BFC1FD0AFF7CF88AD65FA14;4100011415;FU;ZFUM;;99;KG;01. Aug;M3;0;;0;;0;;0;;44.583.316;00:33
005056AB7BFC1FD0AFF7CF88AD667A14;4100011416;FU;ZFUM;;58;KG;01. Jul;M3;0;;0;;0;;0;;2.177.763;00:01
005056AB7BFC1FD0AFF7CF88AD671A14;4100011417;FU;ZFUM;;9;KG;0.6;M3;0;;0;;0;;0;;38.090.365;00:28
005056AB7BFC1FD0AFF7CF88AD675A14;4100011418;FU;ZFUM;;41;KG;2;M3;0;;0;;0;;0;;5.964.440;00:04
005056AB7BFC1FD0AFF7CF88AD67BA14;4100011419;FU;ZFUM;;19;KG;0.1;M3;0;;0;;0;;0;;47.766.036;00:35
005056AB7BFC1FD0AFF7CF88AD67FA14;4100011420;FU;ZFUM;;28;KG;0.3;M3;0;;0;;0;;0;;44.182.917;00:33
005056AB7BFC1FD0AFF7CF88AD683A14;4100011421;FU;ZFUM;;99;KG;03. Aug;M3;0;;0;;0;;0;;17.829.882;00:13
005056AB7BFC1FD0AFF7CF88AD68FA14;4100011422;FU;ZFUM;;141;KG;03. Apr;M3;0;;0;;0;;0;;2.290.312;00:01
005056AB7BFC1FD0AFF7CF88AD69BA14;4100011423;FU;ZFUM;;25;KG;0.7;M3;0;;0;;0;;0;;4.698.919;00:03
005056AB7BFC1FD0AFF7CF88AD69FA14;4100011424;FU;ZFUM;;23;KG;0.8;M3;0;;0;;0;;0;;38.985.632;00:29
005056AB7BFC1FD0AFF7CF88AD6A3A14;4100011425;FU;ZFUM;;35;KG;0.2;M3;0;;0;;0;;0;;15.065.217;00:11
005056AB7BFC1FD0AFF7CF88AD6A7A14;4100011426;FU;ZFUM;;88;KG;01. Apr;M3;0;;0;;0;;0;;28.173.155;00:21
005056AB7BFC1FD0AFF7CF88AD6AFA14;4100011427;FU;ZFUM;;69;KG;2;M3;0;;0;;0;;0;;2.848.481;00:02
005056AB7BFC1FD0AFF7CF88AD6B9A14;4100011428;FU;ZFUM;;52;KG;1;M3;0;;0;;0;;0;;1.889.365;00:01
005056AB7BFC1FD0AFF7CF88AD6C1A14;4100011429;FU;ZFUM;;70;KG;01. Jan;M3;0;;0;;0;;0;;3.195.130;00:02
005056AB7BFC1FD0AFF7CF88AD6C7A14;4100011430;FU;ZFUM;;54;KG;01. Jun;M3;0;;0;;0;;0;;34.841.661;00:26
005056AB7BFC1FD0AFF7CF88AD6CDA14;4100011431;FU;ZFUM;;80;KG;0.7;M3;0;;0;;0;;0;;6.959.870;00:05
005056AB7BFC1FD0AFF7CF88AD6D7A14;4100011432;FU;ZFUM;;33;KG;01. Apr;M3;0;;0;;0;;0;;2.138.018;00:01
005056AB7BFC1FD0AFF7CF88AD6DDA14;4100011433;FU;ZFUM;;82;KG;01. Sep;M3;0;;0;;0;;0;;41.981.140;00:31
005056AB7BFC1FD0AFF7CF88AD6E5A14;4100011434;FU;ZFUM;;50;KG;01. Apr;M3;0;;0;;0;;0;;3.016.314;00:02
005056AB7BFC1FD0AFF7CF88AD6EBA14;4100011435;FU;ZFUM;;49;KG;1;M3;0;;0;;0;;0;;6.543.699;00:04
005056AB7BFC1FD0AFF7CF88AD6F1A14;4100011436;FU;ZFUM;;40;KG;01. Jan;M3;0;;0;;0;;0;;4.690.180;00:03
005056AB7BFC1FD0AFF7CF88AD6F7A14;4100011437;FU;ZFUM;;88;KG;01. Aug;M3;0;;0;;0;;0;;1.219.529;,
005056AB7BFC1FD0AFF7CF88AD701A14;4100011438;FU;ZFUM;;98;KG;01. Aug;M3;0;;0;;0;;0;;54.340.505;00:40
005056AB7BFC1FD0AFF7CF88AD70BA14;4100011439;FU;ZFUM;;40;KG;0.5;M3;0;;0;;0;;0;;39.299.962;00:29
005056AB7BFC1FD0AFF7CF88AD70FA14;4100011440;FU;ZFUM;;40;KG;01. Feb;M3;0;;0;;0;;0;;1.860.108;00:01
005056AB7BFC1FD0AFF7CF88AD715A14;4100011441;FU;ZFUM;;118;KG;02. Aug;M3;0;;0;;0;;0;;5.838.246;00:04
005056AB7BFC1FD0AFF7CF88AD721A14;4100011442;FU;ZFUM;;72;KG;1;M3;0;;0;;0;;0;;39.146.404;00:29
005056AB7BFC1FD0AFF7CF88AD729A14;4100011443;FU;ZFUM;;41;KG;1;M3;0;;0;;0;;0;;2.336.192;00:01
005056AB7BFC1FD0AFF7CF88AD731A14;4100011444;FU;ZFUM;;112;KG;01. Mai;M3;0;;0;;0;;0;;41.654.210;00:31
005056AB7BFC1FD0AFF7CF88AD73DA14;4100011445;FU;ZFUM;;119;KG;01. Feb;M3;0;;0;;0;;0;;10.921.899;00:08
005056AB7BFC1FD0AFF7CF88AD747A14;4100011446;FU;ZFUM;;98;KG;02. Apr;M3;0;;0;;0;;0;;4.340.995;00:03
005056AB7BFC1FD0AFF7CF88AD753A14;4100011447;FU;ZFUM;;126;KG;01. Mrz;M3;0;;0;;0;;0;;32.671.230;00:24
005056AB7BFC1FD0AFF7CF88AD75DA14;4100011448;FU;ZFUM;;71;KG;03. Jan;M3;0;;0;;0;;0;;41.210.034;00:30
005056AB7BFC1FD0AFF7CF88AD769A14;4100011449;FU;ZFUM;;33;KG;02. Jan;M3;0;;0;;0;;0;;33.715.038;00:25
005056AB7BFC1FD0AFF7CF88AD771A14;4100011450;FU;ZFUM;;137;KG;02. Jul;M3;0;;0;;0;;0;;32.866.737;00:24
005056AB7BFC1FD0AFF7CF88AD77DA14;4100011451;FU;ZFUM;;68;KG;02. Jul;M3;0;;0;;0;;0;;7.018.498;00:05
005056AB7BFC1FD0AFF7CF88AD787A14;4100011452;FU;ZFUM;;84;KG;01. Jan;M3;0;;0;;0;;0;;2.521.111;00:01
005056AB7BFC1FD0AFF7CF88AD78DA14;4100011453;FU;ZFUM;;77;KG;01. Jan;M3;0;;0;;0;;0;;60.240.273;00:45
005056AB7BFC1FD0AFF7CF88AD793A14;4100011454;FU;ZFUM;;18;KG;0.8;M3;0;;0;;0;;0;;35.226.957;00:26
005056AB7BFC1FD0AFF7CF88AD797A14;4100011455;FU;ZFUM;;81;KG;01. Jul;M3;0;;0;;0;;0;;1.492.241;00:01
005056AB7BFC1FD0AFF7CF88AD79FA14;4100011456;FU;ZFUM;;81;KG;02. Mai;M3;0;;0;;0;;0;;38.779.377;00:29
005056AB7BFC1FD0AFF7CF88AD7ABA14;4100011457;FU;ZFUM;;112;KG;01. Jul;M3;0;;0;;0;;0;;34.125.656;00:25
005056AB7BFC1FD0AFF7CF88AD7B5A14;4100011458;FU;ZFUM;;114;KG;02. Mai;M3;0;;0;;0;;0;;42.883.639;00:32
005056AB7BFC1FD0AFF7CF88AD7C1A14;4100011459;FU;ZFUM;;113;KG;01. Aug;M3;0;;0;;0;;0;;3.228.263;00:02
005056AB7BFC1FD0AFF7CF88AD7CDA14;4100011460;FU;ZFUM;;100;KG;0.9;M3;0;;0;;0;;0;;3.104.364;00:02
005056AB7BFC1FD0AFF7CF88AD7D7A14;4100011461;FU;ZFUM;;5;KG;0.7;M3;0;;0;;0;;0;;33.431.321;00:25
005056AB7BFC1FD0AFF7CF88AD7DBA14;4100011462;FU;ZFUM;;36;KG;0.6;M3;0;;0;;0;;0;;20.054.048;00:15
005056AB7BFC1FD0AFF7CF88AD7DFA14;4100011463;FU;ZFUM;;8;KG;1;M3;0;;0;;0;;0;;40.280.881;00:30
005056AB7BFC1FD0AFF7CF88AD7E3A14;4100011464;FU;ZFUM;;89;KG;01. Apr;M3;0;;0;;0;;0;;2.131.025;00:01
005056AB7BFC1FD0AFF7CF88AD7EBA14;4100011465;FU;ZFUM;;66;KG;02. Aug;M3;0;;0;;0;;0;;4.188.912;00:03
005056AB7BFC1FD0AFF7CF88AD7F5A14;4100011466;FU;ZFUM;;90;KG;02. Mrz;M3;0;;0;;0;;0;;0.809885;,
005056AB7BFC1FD0AFF7CF88AD7FFA14;4100011467;FU;ZFUM;;9;KG;0.8;M3;0;;0;;0;;0;;38.814.163;00:29
005056AB7BFC1FD0AFF7CF88AD803A14;4100011468;FU;ZFUM;;92;KG;02. Jan;M3;0;;0;;0;;0;;3.472.589;00:02
005056AB7BFC1FD0AFF7CF88AD80FA14;4100011469;FU;ZFUM;;72;KG;0.9;M3;0;;0;;0;;0;;12.076.164;00:09
005056AB7BFC1FD0AFF7CF88AD817A14;4100011470;FU;ZFUM;;63;KG;01. Mrz;M3;0;;0;;0;;0;;32.746.061;00:24
005056AB7BFC1FD0AFF7CF88AD81DA14;4100011471;FU;ZFUM;;26;KG;01. Feb;M3;0;;0;;0;;0;;34.665.776;00:26
005056AB7BFC1FD0AFF7CF88AD823A14;4100011472;FU;ZFUM;;75;KG;01. Feb;M3;0;;0;;0;;0;;1.354.260;00:01
005056AB7BFC1FD0AFF7CF88AD829A14;4100011473;FU;ZFUM;;18;KG;0.5;M3;0;;0;;0;;0;;4.844.788;00:03
005056AB7BFC1FD0AFF7CF88AD82DA14;4100011474;FU;ZFUM;;131;KG;02. Jun;M3;0;;0;;0;;0;;1.587.132;00:01
005056AB7BFC1FD0AFF7CF88AD839A14;4100011475;FU;ZFUM;;122;KG;02. Mai;M3;0;;0;;0;;0;;32.544.072;00:24
005056AB7BFC1FD0AFF7CF88AD845A14;4100011476;FU;ZFUM;;27;KG;2;M3;0;;0;;0;;0;;6.777.075;00:05
005056AB7BFC1FD0AFF7CF88AD84DA14;4100011477;FU;ZFUM;;112;KG;3;M3;0;;0;;0;;0;;25.986.697;00:19
005056AB7BFC1FD0AFF7CF88AD859A14;4100011478;FU;ZFUM;;94;KG;02. Feb;M3;0;;0;;0;;0;;34.985.590;00:26
005056AB7BFC1FD0AFF7CF88AD861A14;4100011479;FU;ZFUM;;33;KG;0.7;M3;0;;0;;0;;0;;21.776.525;00:16
005056AB7BFC1FD0AFF7CF88AD867A14;4100011480;FU;ZFUM;;153;KG;01. Mrz;M3;0;;0;;0;;0;;1.372.223;00:01
005056AB7BFC1FD0AFF7CF88AD871A14;4100011481;FU;ZFUM;;107;KG;2;M3;0;;0;;0;;0;;27.638.570;00:20
005056AB7BFC1FD0AFF7CF88AD879A14;4100011482;FU;ZFUM;;152;KG;01. Jul;M3;0;;0;;0;;0;;29.284.189;00:21
005056AB7BFC1FD0AFF7CF88AD883A14;4100011483;FU;ZFUM;;33;KG;0.7;M3;0;;0;;0;;0;;5.585.404;00:04
005056AB7BFC1FD0AFF7CF88AD887A14;4100011484;FU;ZFUM;;130;KG;02. Aug;M3;0;;0;;0;;0;;2.082.454;00:01
005056AB7BFC1FD0AFF7CF88AD891A14;4100011485;FU;ZFUM;;20;KG;01. Apr;M3;0;;0;;0;;0;;33.904.853;00:25
005056AB7BFC1FD0AFF7CF88AD897A14;4100011486;FU;ZFUM;;60;KG;01. Sep;M3;0;;0;;0;;0;;1.994.059;00:01
005056AB7BFC1FD0AFF7CF88AD89FA14;4100011487;FU;ZFUM;;87;KG;01. Aug;M3;0;;0;;0;;0;;36.904.196;00:27
005056AB7BFC1FD0AFF7CF88AD8A5A14;4100011488;FU;ZFUM;;91;KG;02. Feb;M3;0;;0;;0;;0;;36.349.838;00:27
005056AB7BFC1FD0AFF7CF88AD8ADA14;4100011489;FU;ZFUM;;99;KG;02. Apr;M3;0;;0;;0;;0;;15.433.902;00:11
005056AB7BFC1FD0AFF7CF88AD8B7A14;4100011490;FU;ZFUM;;45;KG;01. Jan;M3;0;;0;;0;;0;;3.516.782;00:02
005056AB7BFC1FD0AFF7CF88AD8BDA14;4100011491;FU;ZFUM;;60;KG;01. Aug;M3;0;;0;;0;;0;;4.603.415;00:03
005056AB7BFC1FD0AFF7CF88AD8C5A14;4100011492;FU;ZFUM;;19;KG;0.8;M3;0;;0;;0;;0;;2.986.006;00:02
005056AB7BFC1FD0AFF7CF88AD8C9A14;4100011493;FU;ZFUM;;111;KG;02. Feb;M3;0;;0;;0;;0;;1.397.064;00:01
005056AB7BFC1FD0AFF7CF88AD8D3A14;4100011494;FU;ZFUM;;139;KG;02. Sep;M3;0;;0;;0;;0;;43.824.555;00:32
005056AB7BFC1FD0AFF7CF88AD8DFA14;4100011495;FU;ZFUM;;49;KG;02. Jan;M3;0;;0;;0;;0;;7.031.270;00:05
005056AB7BFC1FD0AFF7CF88AD8E7A14;4100011496;FU;ZFUM;;72;KG;02. Mrz;M3;0;;0;;0;;0;;31.905.974;00:23
005056AB7BFC1FD0AFF7CF88AD8F1A14;4100011497;FU;ZFUM;;84;KG;02. Aug;M3;0;;0;;0;;0;;41.694.666;00:31
005056AB7BFC1FD0AFF7CF88AD8FBA14;4100011498;FU;ZFUM;;70;KG;02. Apr;M3;0;;0;;0;;0;;5.929.163;00:04
005056AB7BFC1FD0AFF7CF88AD907A14;4100011499;FU;ZFUM;;82;KG;03. Mrz;M3;0;;0;;0;;0;;34.484.267;00:25
005056AB7BFC1FD0AFF7CF88AD913A14;4100011500;FU;ZFUM;;51;KG;01. Mai;M3;0;;0;;0;;0;;6.196.637;00:04
005056AB7BFC1FD0AFF7CF88AD91BA14;4100011501;FU;ZFUM;;40;KG;01. Jun;M3;0;;0;;0;;0;;6.913.273;00:05
005056AB7BFC1FD0AFF7CF88AD921A14;4100011502;FU;ZFUM;;87;KG;1;M3;0;;0;;0;;0;;12.223.728;00:09
005056AB7BFC1FD0AFF7CF88AD927A14;4100011503;FU;ZFUM;;76;KG;01. Feb;M3;0;;0;;0;;0;;44.864.728;00:33
005056AB7BFC1FD0AFF7CF88AD92FA14;4100011504;FU;ZFUM;;78;KG;03. Mrz;M3;0;;0;;0;;0;;2.650.815;00:01
005056AB7BFC1FD0AFF7CF88AD93BA14;4100011505;FU;ZFUM;;84;KG;02. Jun;M3;0;;0;;0;;0;;26.435.816;00:19
005056AB7BFC1FD0AFF7CF88AD945A14;4100011506;FU;ZFUM;;115;KG;03. Mai;M3;0;;0;;0;;0;;4.588.932;00:03
005056AB7BFC1FD0AFF7CF88AD951A14;4100011507;FU;ZFUM;;64;KG;0.8;M3;0;;0;;0;;0;;41.654.210;00:31
005056AB7BFC1FD0AFF7CF88AD959A14;4100011508;FU;ZFUM;;41;KG;0.4;M3;0;;0;;0;;0;;5.630.752;00:04
005056AB7BFC1FD0AFF7CF88AD95FA14;4100011509;FU;ZFUM;;106;KG;01. Jun;M3;0;;0;;0;;0;;34.596.067;00:25
005056AB7BFC1FD0AFF7CF88AD969A14;4100011510;FU;ZFUM;;44;KG;0.7;M3;0;;0;;0;;0;;60.237.915;00:45
005056AB7BFC1FD0AFF7CF88AD96DA14;4100011511;FU;ZFUM;;6;KG;0.1;M3;0;;0;;0;;0;;2.003.303;00:01
005056AB7BFC1FD0AFF7CF88AD971A14;4100011512;FU;ZFUM;;96;KG;03. Apr;M3;0;;0;;0;;0;;27.367.338;00:20
005056AB7BFC1FD0AFF7CF88AD97DA14;4100011513;FU;ZFUM;;66;KG;02. Jul;M3;0;;0;;0;;0;;34.772.737;00:26
005056AB7BFC1FD0AFF7CF88AD987A14;4100011514;FU;ZFUM;;134;KG;02. Jun;M3;0;;0;;0;;0;;4.982.815;00:03
005056AB7BFC1FD0AFF7CF88AD993A14;4100011515;FU;ZFUM;;151;KG;01. Mai;M3;0;;0;;0;;0;;1.403.883;00:01
005056AB7BFC1FD0AFF7CF88AD99DA14;4100011516;FU;ZFUM;;51;KG;1;M3;0;;0;;0;;0;;43.198.664;00:32
005056AB7BFC1FD0AFF7CF88AD9A3A14;4100011517;FU;ZFUM;;138;KG;03. Jan;M3;0;;0;;0;;0;;38.836.367;00:29
005056AB7BFC1FD0AFF7CF88AD9AFA14;4100011518;FU;ZFUM;;66;KG;01. Mrz;M3;0;;0;;0;;0;;22.650.101;00:16
005056AB7BFC1FD0AFF7CF88AD9B7A14;4100011519;FU;ZFUM;;33;KG;0.7;M3;0;;0;;0;;0;;6.166.387;00:04
005056AB7BFC1FD0AFF7CF88AD9BDA14;4100011520;FU;ZFUM;;55;KG;01. Feb;M3;0;;0;;0;;0;;44.930.663;00:33
005056AB7BFC1FD0AFF7CF88AD9C3A14;4100011521;FU;ZFUM;;22;KG;0.8;M3;0;;0;;0;;0;;5.513.316;00:04
005056AB7BFC1FD0AFF7CF88AD9C7A14;4100011522;FU;ZFUM;;75;KG;01. Jun;M3;0;;0;;0;;0;;1.743.309;00:01
005056AB7BFC1FD0AFF7CF88AD9CFA14;4100011523;FU;ZFUM;;23;KG;0.8;M3;0;;0;;0;;0;;2.101.618;00:01
005056AB7BFC1FD0AFF7CF88AD9D5A14;4100011524;FU;ZFUM;;122;KG;3;M3;0;;0;;0;;0;;23.395.581;00:17
005056AB7BFC1FD0AFF7CF88AD9E1A14;4100011525;FU;ZFUM;;51;KG;01. Jan;M3;0;;0;;0;;0;;42.841.055;00:32
005056AB7BFC1FD0AFF7CF88AD9E9A14;4100011526;FU;ZFUM;;156;KG;03. Mrz;M3;0;;0;;0;;0;;11.708.187;00:08
005056AB7BFC1FD0AFF7CF88AD9F5A14;4100011527;FU;ZFUM;;33;KG;0.6;M3;0;;0;;0;;0;;4.179.673;00:03
005056AB7BFC1FD0AFF7CF88AD9FBA14;4100011528;FU;ZFUM;;18;KG;0.2;M3;0;;0;;0;;0;;34.252.520;00:25
005056AB7BFC1FD0AFF7CF88AD9FFA14;4100011529;FU;ZFUM;;116;KG;02. Apr;M3;0;;0;;0;;0;;2.495.284;00:01
005056AB7BFC1FD0AFF7CF88ADA07A14;4100011530;FU;ZFUM;;39;KG;01. Aug;M3;0;;0;;0;;0;;4.709.785;00:03
005056AB7BFC1FD0AFF7CF88ADA0DA14;4100011531;FU;ZFUM;;58;KG;1;M3;0;;0;;0;;0;;1.491.926;00:01
005056AB7BFC1FD0AFF7CF88ADA13A14;4100011532;FU;ZFUM;;33;KG;01. Mrz;M3;0;;0;;0;;0;;26.738.901;00:20
005056AB7BFC1FD0AFF7CF88ADA19A14;4100011533;FU;ZFUM;;11;KG;0.4;M3;0;;0;;0;;0;;44.783.098;00:33
005056AB7BFC1FD0AFF7CF88ADA1DA14;4100011534;FU;ZFUM;;43;KG;0.1;M3;0;;0;;0;;0;;3.345.186;00:02
005056AB7BFC1FD0AFF7CF88ADA21A14;4100011535;FU;ZFUM;;91;KG;01. Jan;M3;0;;0;;0;;0;;19.591.862;00:14
005056AB7BFC1FD0AFF7CF88ADA29A14;4100011536;FU;ZFUM;;41;KG;01. Sep;M3;0;;0;;0;;0;;4.413.008;00:03
005056AB7BFC1FD0AFF7CF88ADA31A14;4100011537;FU;ZFUM;;101;KG;01. Mai;M3;0;;0;;0;;0;;15.537.028;00:11
005056AB7BFC1FD0AFF7CF88ADA39A14;4100011538;FU;ZFUM;;71;KG;1;M3;0;;0;;0;;0;;1.416.560;00:01
005056AB7BFC1FD0AFF7CF88ADA3FA14;4100011539;FU;ZFUM;;129;KG;02. Feb;M3;0;;0;;0;;0;;1.624.333;00:01
005056AB7BFC1FD0AFF7CF88ADA49A14;4100011540;FU;ZFUM;;10;KG;0.3;M3;0;;0;;0;;0;;11.808.668;00:08
005056AB7BFC1FD0AFF7CF88ADA4DA14;4100011541;FU;ZFUM;;52;KG;02. Apr;M3;0;;0;;0;;0;;17.259.432;00:12
005056AB7BFC1FD0AFF7CF88ADA57A14;4100011542;FU;ZFUM;;19;KG;0.5;M3;0;;0;;0;;0;;6.272.233;00:04
005056AB7BFC1FD0AFF7CF88ADA5DA14;4100011543;FU;ZFUM;;16;KG;0.7;M3;0;;0;;0;;0;;37.331.784;00:28
005056AB7BFC1FD0AFF7CF88ADA61A14;4100011544;FU;ZFUM;;55;KG;01. Jun;M3;0;;0;;0;;0;;34.123.659;00:25
005056AB7BFC1FD0AFF7CF88ADA69A14;4100011545;FU;ZFUM;;77;KG;01. Mrz;M3;0;;0;;0;;0;;15.698.114;00:11
005056AB7BFC1FD0AFF7CF88ADA6FA14;4100011546;FU;ZFUM;;139;KG;02. Jan;M3;0;;0;;0;;0;;33.715.038;00:25
005056AB7BFC1FD0AFF7CF88ADA79A14;4100011547;FU;ZFUM;;111;KG;01. Jan;M3;0;;0;;0;;0;;2.088.179;00:01
005056AB7BFC1FD0AFF7CF88ADA85A14;4100011548;FU;ZFUM;;57;KG;01. Apr;M3;0;;0;;0;;0;;1.640.581;00:01
005056AB7BFC1FD0AFF7CF88ADA8FA14;4100011549;FU;ZFUM;;86;KG;02. Mrz;M3;0;;0;;0;;0;;2.048.506;00:01
005056AB7BFC1FD0AFF7CF88ADA9BA14;4100011550;FU;ZFUM;;76;KG;01. Jan;M3;0;;0;;0;;0;;31.341.186;00:23
005056AB7BFC1FD0AFF7CF88ADAA1A14;4100011551;FU;ZFUM;;75;KG;01. Mai;M3;0;;0;;0;;0;;1.205.459;,
005056AB7BFC1FD0AFF7CF88ADAA9A14;4100011552;FU;ZFUM;;125;KG;03. Aug;M3;0;;0;;0;;0;;5.593.688;00:04
005056AB7BFC1FD0AFF7CF88ADAB5A14;4100011553;FU;ZFUM;;37;KG;01. Feb;M3;0;;0;;0;;0;;51.868.732;00:38
005056AB7BFC1FD0AFF7CF88ADABBA14;4100011554;FU;ZFUM;;41;KG;0.4;M3;0;;0;;0;;0;;28.187.897;00:21
005056AB7BFC1FD0AFF7CF88ADAC1A14;4100011555;FU;ZFUM;;48;KG;0.5;M3;0;;0;;0;;0;;1.387.019;00:01
005056AB7BFC1FD0AFF7CF88ADAC7A14;4100011556;FU;ZFUM;;24;KG;0.6;M3;0;;0;;0;;0;;26.572.240;00:19
005056AB7BFC1FD0AFF7CF88ADACBA14;4100011557;FU;ZFUM;;108;KG;02. Jun;M3;0;;0;;0;;0;;2.071.867;00:01
005056AB7BFC1FD0AFF7CF88ADAD7A14;4100011558;FU;ZFUM;;111;KG;3;M3;0;;0;;0;;0;;35.715.705;00:26
005056AB7BFC1FD0AFF7CF88ADAE3A14;4100011559;FU;ZFUM;;93;KG;3;M3;0;;0;;0;;0;;16.038.281;00:12
005056AB7BFC1FD0AFF7CF88ADAEDA14;4100011560;FU;ZFUM;;33;KG;01. Jun;M3;0;;0;;0;;0;;7.436.448;00:05
005056AB7BFC1FD0AFF7CF88ADAF5A14;4100011561;FU;ZFUM;;109;KG;03. Jan;M3;0;;0;;0;;0;;13.631.521;00:10
005056AB7BFC1FD0AFF7CF88ADAFFA14;4100011562;FU;ZFUM;;50;KG;01. Jun;M3;0;;0;;0;;0;;10.974.807;00:08
005056AB7BFC1FD0AFF7CF88ADB05A14;4100011563;FU;ZFUM;;70;KG;01. Mai;M3;0;;0;;0;;0;;10.934.592;00:08
005056AB7BFC1FD0AFF7CF88ADB0DA14;4100011564;FU;ZFUM;;145;KG;3;M3;0;;0;;0;;0;;3.283.846;00:02
005056AB7BFC1FD0AFF7CF88ADB19A14;4100011565;FU;ZFUM;;29;KG;0.9;M3;0;;0;;0;;0;;19.293.304;00:14
005056AB7BFC1FD0AFF7CF88ADB1DA14;4100011566;FU;ZFUM;;93;KG;02. Apr;M3;0;;0;;0;;0;;0.770874;,
005056AB7BFC1FD0AFF7CF88ADB27A14;4100011567;FU;ZFUM;;127;KG;01. Sep;M3;0;;0;;0;;0;;35.542.092;00:26
005056AB7BFC1FD0AFF7CF88ADB31A14;4100011568;FU;ZFUM;;21;KG;0.7;M3;0;;0;;0;;0;;3.534.196;00:02
005056AB7BFC1FD0AFF7CF88ADB35A14;4100011569;FU;ZFUM;;74;KG;02. Apr;M3;0;;0;;0;;0;;5.869.435;00:04
005056AB7BFC1FD0AFF7CF88ADB3DA14;4100011570;FU;ZFUM;;77;KG;01. Aug;M3;0;;0;;0;;0;;2.229.033;00:01
005056AB7BFC1FD0AFF7CF88ADB47A14;4100011571;FU;ZFUM;;20;KG;0.5;M3;0;;0;;0;;0;;3.077.901;00:02
005056AB7BFC1FD0AFF7CF88ADB4BA14;4100011572;FU;ZFUM;;55;KG;01. Jun;M3;0;;0;;0;;0;;16.301.714;00:12
005056AB7BFC1FD0AFF7CF88ADB51A14;4100011573;FU;ZFUM;;25;KG;1;M3;0;;0;;0;;0;;3.918.108;00:02
005056AB7BFC1FD0AFF7CF88ADB57A14;4100011574;FU;ZFUM;;73;KG;01. Aug;M3;0;;0;;0;;0;;5.834.919;00:04
005056AB7BFC1FD0AFF7CF88ADB5FA14;4100011575;FU;ZFUM;;45;KG;0.4;M3;0;;0;;0;;0;;6.365.614;00:04
005056AB7BFC1FD0AFF7CF88ADB63A14;4100011576;FU;ZFUM;;94;KG;02. Feb;M3;0;;0;;0;;0;;1.848.961;00:01
005056AB7BFC1FD0AFF7CF88ADB6DA14;4100011577;FU;ZFUM;;26;KG;0.7;M3;0;;0;;0;;0;;12.936.425;00:09
005056AB7BFC1FD0AFF7CF88ADB73A14;4100011578;FU;ZFUM;;44;KG;1;M3;0;;0;;0;;0;;10.500.672;00:07
005056AB7BFC1FD0AFF7CF88ADB77A14;4100011579;FU;ZFUM;;81;KG;02. Mrz;M3;0;;0;;0;;0;;32.649.911;00:24
005056AB7BFC1FD0AFF7CF88ADB81A14;4100011580;FU;ZFUM;;31;KG;0.9;M3;0;;0;;0;;0;;30.424.316;00:22
005056AB7BFC1FD0AFF7CF88ADB85A14;4100011581;FU;ZFUM;;12;KG;0.2;M3;0;;0;;0;;0;;5.323.329;00:04
005056AB7BFC1FD0AFF7CF88ADB89A14;4100011582;FU;ZFUM;;55;KG;2;M3;0;;0;;0;;0;;57.264.971;00:42
005056AB7BFC1FD0AFF7CF88ADB8FA14;4100011583;FU;ZFUM;;6;KG;1;M3;0;;0;;0;;0;;32.778.809;00:24
005056AB7BFC1FD0AFF7CF88ADB93A14;4100011584;FU;ZFUM;;41;KG;0.4;M3;0;;0;;0;;0;;16.070.245;00:12
005056AB7BFC1FD0AFF7CF88ADB97A14;4100011585;FU;ZFUM;;68;KG;01. Jul;M3;0;;0;;0;;0;;5.967.517;00:04
005056AB7BFC1FD0AFF7CF88ADBA1A14;4100011586;FU;ZFUM;;94;KG;01. Sep;M3;0;;0;;0;;0;;2.890.484;00:02
005056AB7BFC1FD0AFF7CF88ADBABA14;4100011587;FU;ZFUM;;26;KG;0.4;M3;0;;0;;0;;0;;33.530.129;00:25
005056AB7BFC1FD0AFF7CF88ADBB1A14;4100011588;FU;ZFUM;;132;KG;02. Mrz;M3;0;;0;;0;;0;;6.112.568;00:04
005056AB7BFC1FD0AFF7CF88ADBBBA14;4100011589;FU;ZFUM;;33;KG;0.3;M3;0;;0;;0;;0;;11.993.601;00:09
005056AB7BFC1FD0AFF7CF88ADBBFA14;4100011590;FU;ZFUM;;113;KG;02. Jan;M3;0;;0;;0;;0;;3.021.107;00:02
005056AB7BFC1FD0AFF7CF88ADBCBA14;4100011591;FU;ZFUM;;84;KG;02. Jan;M3;0;;0;;0;;0;;58.971.618;00:44
005056AB7BFC1FD0AFF7CF88ADBD5A14;4100011592;FU;ZFUM;;52;KG;01. Mrz;M3;0;;0;;0;;0;;35.719.185;00:26
005056AB7BFC1FD0AFF7CF88ADBDBA14;4100011593;FU;ZFUM;;76;KG;01. Aug;M3;0;;0;;0;;0;;2.001.549;00:01
005056AB7BFC1FD0AFF7CF88ADBE3A14;4100011594;FU;ZFUM;;92;KG;02. Aug;M3;0;;0;;0;;0;;36.074.078;00:27
005056AB7BFC1FD0AFF7CF88ADBEDA14;4100011595;FU;ZFUM;;115;KG;03. Feb;M3;0;;0;;0;;0;;28.504.950;00:21
005056AB7BFC1FD0AFF7CF88ADBF9A14;4100011596;FU;ZFUM;;9;KG;0.4;M3;0;;0;;0;;0;;11.400.721;00:08
005056AB7BFC1FD0AFF7CF88ADBFDA14;4100011597;FU;ZFUM;;28;KG;01. Feb;M3;0;;0;;0;;0;;12.876.856;00:09
005056AB7BFC1FD0AFF7CF88ADC03A14;4100011598;FU;ZFUM;;73;KG;2;M3;0;;0;;0;;0;;1.434.793;00:01
005056AB7BFC1FD0AFF7CF88ADC0BA14;4100011599;FU;ZFUM;;183;KG;02. Aug;M3;0;;0;;0;;0;;43.613.426;00:32
005056AB7BFC1FD0AFF7CF88ADC17A14;4100011600;FU;ZFUM;;68;KG;01. Jul;M3;0;;0;;0;;0;;1.557.022;00:01
005056AB7BFC1FD0AFF7CF88ADC21A14;4100011601;FU;ZFUM;;90;KG;1;M3;0;;0;;0;;0;;35.012.163;00:26
005056AB7BFC1FD0AFF7CF88ADC29A14;4100011602;FU;ZFUM;;58;KG;02. Mrz;M3;0;;0;;0;;0;;36.343.282;00:27
005056AB7BFC1FD0AFF7CF88ADC33A14;4100011603;FU;ZFUM;;40;KG;01. Jan;M3;0;;0;;0;;0;;34.038.399;00:25
005056AB7BFC1FD0AFF7CF88ADC3BA14;4100011604;FU;ZFUM;;84;KG;01. Mrz;M3;0;;0;;0;;0;;33.908.038;00:25
005056AB7BFC1FD0AFF7CF88ADC45A14;4100011605;FU;ZFUM;;15;KG;01. Aug;M3;0;;0;;0;;0;;6.023.694;00:04
005056AB7BFC1FD0AFF7CF88ADC4BA14;4100011606;FU;ZFUM;;59;KG;1;M3;0;;0;;0;;0;;34.597.009;00:25
005056AB7BFC1FD0AFF7CF88ADC53A14;4100011607;FU;ZFUM;;39;KG;0.1;M3;0;;0;;0;;0;;2.083.776;00:01
005056AB7BFC1FD0AFF7CF88ADC57A14;4100011608;FU;ZFUM;;75;KG;01. Jun;M3;0;;0;;0;;0;;57.000.986;00:42
005056AB7BFC1FD0AFF7CF88ADC61A14;4100011609;FU;ZFUM;;3;KG;0.3;M3;0;;0;;0;;0;;38.383.329;00:28
005056AB7BFC1FD0AFF7CF88ADC65A14;4100011610;FU;ZFUM;;24;KG;1;M3;0;;0;;0;;0;;4.756.094;00:03
005056AB7BFC1FD0AFF7CF88ADC69A14;4100011611;FU;ZFUM;;29;KG;0.6;M3;0;;0;;0;;0;;1.885.826;00:01
005056AB7BFC1FD0AFF7CF88ADC6DA14;4100011612;FU;ZFUM;;87;KG;01. Jun;M3;0;;0;;0;;0;;34.672.226;00:26
005056AB7BFC1FD0AFF7CF88ADC77A14;4100011613;FU;ZFUM;;74;KG;02. Jan;M3;0;;0;;0;;0;;35.449.343;00:26
005056AB7BFC1FD0AFF7CF88ADC81A14;4100011614;FU;ZFUM;;139;KG;03. Sep;M3;0;;0;;0;;0;;15.895.739;00:11
005056AB7BFC1FD0AFF7CF88ADC8DA14;4100011615;FU;ZFUM;;86;KG;02. Jan;M3;0;;0;;0;;0;;44.594.686;00:33
005056AB7BFC1FD0AFF7CF88ADC95A14;4100011616;FU;ZFUM;;97;KG;01. Apr;M3;0;;0;;0;;0;;27.553.087;00:20
005056AB7BFC1FD0AFF7CF88ADC9DA14;4100011617;FU;ZFUM;;41;KG;0.4;M3;0;;0;;0;;0;;12.883.747;00:09
005056AB7BFC1FD0AFF7CF88ADCA1A14;4100011618;FU;ZFUM;;97;KG;01. Sep;M3;0;;0;;0;;0;;3.485.550;00:02
005056AB7BFC1FD0AFF7CF88ADCA9A14;4100011619;FU;ZFUM;;12;KG;1;M3;0;;0;;0;;0;;3.614.215;00:02
005056AB7BFC1FD0AFF7CF88ADCADA14;4100011620;FU;ZFUM;;108;KG;02. Jun;M3;0;;0;;0;;0;;39.638.157;00:29
005056AB7BFC1FD0AFF7CF88ADCB9A14;4100011621;FU;ZFUM;;6;KG;0.5;M3;0;;0;;0;;0;;33.396.088;00:25
005056AB7BFC1FD0AFF7CF88ADCBDA14;4100011622;FU;ZFUM;;40;KG;1;M3;0;;0;;0;;0;;16.315.445;00:12
005056AB7BFC1FD0AFF7CF88ADCC1A14;4100011623;FU;ZFUM;;133;KG;01. Aug;M3;0;;0;;0;;0;;1.576.909;00:01
005056AB7BFC1FD0AFF7CF88ADCCDA14;4100011624;FU;ZFUM;;34;KG;2;M3;0;;0;;0;;0;;1.541.410;00:01
005056AB7BFC1FD0AFF7CF88ADCD3A14;4100011625;FU;ZFUM;;75;KG;01. Jun;M3;0;;0;;0;;0;;1.290.018;,
005056AB7BFC1FD0AFF7CF88ADCDBA14;4100011626;FU;ZFUM;;62;KG;0.7;M3;0;;0;;0;;0;;6.915.468;00:05
005056AB7BFC1FD0AFF7CF88ADCE3A14;4100011627;FU;ZFUM;;50;KG;01. Jan;M3;0;;0;;0;;0;;37.028.145;00:27
005056AB7BFC1FD0AFF7CF88ADCE9A14;4100011628;FU;ZFUM;;148;KG;02. Mai;M3;0;;0;;0;;0;;21.015.166;00:15
005056AB7BFC1FD0AFF7CF88ADCF5A14;4100011629;FU;ZFUM;;86;KG;02. Aug;M3;0;;0;;0;;0;;40.263.689;00:30
005056AB7BFC1FD0AFF7CF88ADD01A14;4100011630;FU;ZFUM;;71;KG;02. Mrz;M3;0;;0;;0;;0;;37.926.199;00:28
005056AB7BFC1FD0AFF7CF88ADD09A14;4100011631;FU;ZFUM;;33;KG;0.3;M3;0;;0;;0;;0;;31.717.495;00:23
005056AB7BFC1FD0AFF7CF88ADD0DA14;4100011632;FU;ZFUM;;79;KG;1;M3;0;;0;;0;;0;;38.776.205;00:29
005056AB7BFC1FD0AFF7CF88ADD13A14;4100011633;FU;ZFUM;;3;KG;0.3;M3;0;;0;;0;;0;;10.463.147;00:07
005056AB7BFC1FD0AFF7CF88ADD17A14;4100011634;FU;ZFUM;;41;KG;0.1;M3;0;;0;;0;;0;;18.296.255;00:13
005056AB7BFC1FD0AFF7CF88ADD1BA14;4100011635;FU;ZFUM;;31;KG;0.4;M3;0;;0;;0;;0;;22.129.020;00:16
005056AB7BFC1FD0AFF7CF88ADD1FA14;4100011636;FU;ZFUM;;13;KG;1;M3;0;;0;;0;;0;;34.176.228;00:25
005056AB7BFC1FD0AFF7CF88ADD23A14;4100011637;FU;ZFUM;;143;KG;01. Feb;M3;0;;0;;0;;0;;6.054.720;00:04
005056AB7BFC1FD0AFF7CF88ADD2DA14;4100011638;FU;ZFUM;;53;KG;01. Jul;M3;0;;0;;0;;0;;6.608.700;00:04
005056AB7BFC1FD0AFF7CF88ADD33A14;4100011639;FU;ZFUM;;81;KG;2;M3;0;;0;;0;;0;;57.355.495;00:43
005056AB7BFC1FD0AFF7CF88ADD3DA14;4100011640;FU;ZFUM;;34;KG;1;M3;0;;0;;0;;0;;31.930.613;00:23
005056AB7BFC1FD0AFF7CF88ADD41A14;4100011641;FU;ZFUM;;35;KG;0.5;M3;0;;0;;0;;0;;33.447.055;00:25
005056AB7BFC1FD0AFF7CF88ADD45A14;4100011642;FU;ZFUM;;87;KG;03. Mai;M3;0;;0;;0;;0;;35.128.311;00:26
005056AB7BFC1FD0AFF7CF88ADD51A14;4100011643;FU;ZFUM;;145;KG;03. Mrz;M3;0;;0;;0;;0;;19.028.343;00:14
005056AB7BFC1FD0AFF7CF88ADD5DA14;4100011644;FU;ZFUM;;82;KG;01. Mrz;M3;0;;0;;0;;0;;33.008.026;00:24
005056AB7BFC1FD0AFF7CF88ADD65A14;4100011645;FU;ZFUM;;28;KG;02. Mai;M3;0;;0;;0;;0;;6.854.646;00:05
005056AB7BFC1FD0AFF7CF88ADD6DA14;4100011646;FU;ZFUM;;147;KG;02. Feb;M3;0;;0;;0;;0;;2.392.026;00:01
005056AB7BFC1FD0AFF7CF88ADD79A14;4100011647;FU;ZFUM;;65;KG;03. Feb;M3;0;;0;;0;;0;;15.686.055;00:11
005056AB7BFC1FD0AFF7CF88ADD83A14;4100011648;FU;ZFUM;;140;KG;02. Aug;M3;0;;0;;0;;0;;54.882.666;00:41
005056AB7BFC1FD0AFF7CF88ADD8FA14;4100011649;FU;ZFUM;;19;KG;0.7;M3;0;;0;;0;;0;;2.451.091;00:01
005056AB7BFC1FD0AFF7CF88ADD93A14;4100011650;FU;ZFUM;;72;KG;02. Sep;M3;0;;0;;0;;0;;16.367.264;00:12
005056AB7BFC1FD0AFF7CF88ADD9DA14;4100011651;FU;ZFUM;;104;KG;2;M3;0;;0;;0;;0;;11.820.517;00:08
005056AB7BFC1FD0AFF7CF88ADDA7A14;4100011652;FU;ZFUM;;90;KG;02. Mrz;M3;0;;0;;0;;0;;60.431.359;00:45
005056AB7BFC1FD0AFF7CF88ADDB3A14;4100011653;FU;ZFUM;;66;KG;01. Mrz;M3;0;;0;;0;;0;;41.092.806;00:30
005056AB7BFC1FD0AFF7CF88ADDBBA14;4100011654;FU;ZFUM;;117;KG;03. Mai;M3;0;;0;;0;;0;;33.465.802;00:25
005056AB7BFC1FD0AFF7CF88ADDC7A14;4100011655;FU;ZFUM;;63;KG;01. Feb;M3;0;;0;;0;;0;;8.877.653;00:06
005056AB7BFC1FD0AFF7CF88ADDCDA14;4100011656;FU;ZFUM;;59;KG;01. Jan;M3;0;;0;;0;;0;;1.534.433;00:01
005056AB7BFC1FD0AFF7CF88ADDD3A14;4100011657;FU;ZFUM;;13;KG;1;M3;0;;0;;0;;0;;6.606.908;00:04
005056AB7BFC1FD0AFF7CF88ADDD9A14;4100011658;FU;ZFUM;;61;KG;01. Mrz;M3;0;;0;;0;;0;;11.359.648;00:08
005056AB7BFC1FD0AFF7CF88ADDE1A14;4100011659;FU;ZFUM;;170;KG;02. Sep;M3;0;;0;;0;;0;;2.552.650;00:01
005056AB7BFC1FD0AFF7CF88ADDEDA14;4100011660;FU;ZFUM;;90;KG;03. Apr;M3;0;;0;;0;;0;;50.516.601;00:37
005056AB7BFC1FD0AFF7CF88ADDF9A14;4100011661;FU;ZFUM;;139;KG;03. Jan;M3;0;;0;;0;;0;;32.749.696;00:24
005056AB7BFC1FD0AFF7CF88ADE05A14;4100011662;FU;ZFUM;;118;KG;02. Mai;M3;0;;0;;0;;0;;1.119.448;,
005056AB7BFC1FD0AFF7CF88ADE11A14;4100011663;FU;ZFUM;;25;KG;0.8;M3;0;;0;;0;;0;;2.951.941;00:02
005056AB7BFC1FD0AFF7CF88ADE15A14;4100011664;FU;ZFUM;;81;KG;02. Feb;M3;0;;0;;0;;0;;1.100.735;,
005056AB7BFC1FD0AFF7CF88ADE21A14;4100011665;FU;ZFUM;;27;KG;1;M3;0;;0;;0;;0;;16.334.568;00:12
005056AB7BFC1FD0AFF7CF88ADE27A14;4100011666;FU;ZFUM;;71;KG;01. Jan;M3;0;;0;;0;;0;;25.456.200;00:19
005056AB7BFC1FD0AFF7CF88ADE2DA14;4100011667;FU;ZFUM;;43;KG;0.2;M3;0;;0;;0;;0;;0.956040;,
005056AB7BFC1FD0AFF7CF88ADE31A14;4100011668;FU;ZFUM;;17;KG;0.8;M3;0;;0;;0;;0;;32.774.815;00:24
005056AB7BFC1FD0AFF7CF88ADE35A14;4100011669;FU;ZFUM;;21;KG;0.1;M3;0;;0;;0;;0;;28.191.327;00:21
005056AB7BFC1FD0AFF7CF88ADE39A14;4100011670;FU;ZFUM;;32;KG;01. Mrz;M3;0;;0;;0;;0;;1.295.992;,
005056AB7BFC1FD0AFF7CF88ADE3FA14;4100011671;FU;ZFUM;;43;KG;0.3;M3;0;;0;;0;;0;;11.564.109;00:08
005056AB7BFC1FD0AFF7CF88ADE43A14;4100011672;FU;ZFUM;;202;KG;02. Mrz;M3;0;;0;;0;;0;;33.791.603;00:25
005056AB7BFC1FD0AFF7CF88ADE4FA14;4100011673;FU;ZFUM;;150;KG;02. Mai;M3;0;;0;;0;;0;;46.568.493;00:34
005056AB7BFC1FD0AFF7CF88ADE5BA14;4100011674;FU;ZFUM;;160;KG;02. Sep;M3;0;;0;;0;;0;;36.012.280;00:27
005056AB7BFC1FD0AFF7CF88ADE67A14;4100011675;FU;ZFUM;;98;KG;01. Jan;M3;0;;0;;0;;0;;31.615.754;00:23
005056AB7BFC1FD0AFF7CF88ADE6FA14;4100011676;FU;ZFUM;;113;KG;02. Jan;M3;0;;0;;0;;0;;32.337.799;00:24
005056AB7BFC1FD0AFF7CF88ADE7BA14;4100011677;FU;ZFUM;;100;KG;01. Mai;M3;0;;0;;0;;0;;33.367.602;00:25
005056AB7BFC1FD0AFF7CF88ADE83A14;4100011678;FU;ZFUM;;16;KG;0.6;M3;0;;0;;0;;0;;6.600.511;00:04
005056AB7BFC1FD0AFF7CF88ADE87A14;4100011679;FU;ZFUM;;29;KG;0.1;M3;0;;0;;0;;0;;26.020.179;00:19
005056AB7BFC1FD0AFF7CF88ADE8BA14;4100011680;FU;ZFUM;;75;KG;01. Apr;M3;0;;0;;0;;0;;3.288.030;00:02
005056AB7BFC1FD0AFF7CF88ADE93A14;4100011681;FU;ZFUM;;92;KG;01. Feb;M3;0;;0;;0;;0;;16.926.154;00:12
005056AB7BFC1FD0AFF7CF88ADE9DA14;4100011682;FU;ZFUM;;34;KG;0.8;M3;0;;0;;0;;0;;6.151.885;00:04
005056AB7BFC1FD0AFF7CF88ADEA1A14;4100011683;FU;ZFUM;;44;KG;0.5;M3;0;;0;;0;;0;;0.548500;,
005056AB7BFC1FD0AFF7CF88ADEA5A14;4100011684;FU;ZFUM;;116;KG;01. Mai;M3;0;;0;;0;;0;;11.762.741;00:08
005056AB7BFC1FD0AFF7CF88ADEAFA14;4100011685;FU;ZFUM;;32;KG;0.8;M3;0;;0;;0;;0;;2.321.213;00:01
005056AB7BFC1FD0AFF7CF88ADEB3A14;4100011686;FU;ZFUM;;110;KG;01. Mai;M3;0;;0;;0;;0;;15.688.719;00:11
005056AB7BFC1FD0AFF7CF88ADEBDA14;4100011687;FU;ZFUM;;58;KG;01. Aug;M3;0;;0;;0;;0;;41.304.401;00:30
005056AB7BFC1FD0AFF7CF88ADEC3A14;4100011688;FU;ZFUM;;112;KG;02. Aug;M3;0;;0;;0;;0;;2.542.903;00:01
005056AB7BFC1FD0AFF7CF88ADECFA14;4100011689;FU;ZFUM;;42;KG;0.6;M3;0;;0;;0;;0;;36.518.804;00:27
005056AB7BFC1FD0AFF7CF88ADED3A14;4100011690;FU;ZFUM;;27;KG;0.5;M3;0;;0;;0;;0;;2.211.093;00:01
005056AB7BFC1FD0AFF7CF88ADED7A14;4100011691;FU;ZFUM;;64;KG;01. Jun;M3;0;;0;;0;;0;;1.894.416;00:01
005056AB7BFC1FD0AFF7CF88ADEE1A14;4100011692;FU;ZFUM;;86;KG;0.3;M3;0;;0;;0;;0;;26.975.647;00:20
005056AB7BFC1FD0AFF7CF88ADEE7A14;4100011693;FU;ZFUM;;16;KG;1;M3;0;;0;;0;;0;;1.551.957;00:01
005056AB7BFC1FD0AFF7CF88ADEEBA14;4100011694;FU;ZFUM;;145;KG;01. Apr;M3;0;;0;;0;;0;;24.298.424;00:18
005056AB7BFC1FD0AFF7CF88ADEF5A14;4100011695;FU;ZFUM;;35;KG;0.5;M3;0;;0;;0;;0;;30.469.165;00:22
005056AB7BFC1FD0AFF7CF88ADEFBA14;4100011696;FU;ZFUM;;42;KG;02. Jan;M3;0;;0;;0;;0;;1.388.491;00:01
005056AB7BFC1FD0AFF7CF88ADF05A14;4100011697;FU;ZFUM;;63;KG;0.9;M3;0;;0;;0;;0;;2.345.548;00:01
005056AB7BFC1FD0AFF7CF88ADF0BA14;4100011698;FU;ZFUM;;61;KG;2;M3;0;;0;;0;;0;;21.576.054;00:16
005056AB7BFC1FD0AFF7CF88ADF13A14;4100011699;FU;ZFUM;;113;KG;02. Mrz;M3;0;;0;;0;;0;;37.172.929;00:27
005056AB7BFC1FD0AFF7CF88ADF1DA14;4100011700;FU;ZFUM;;121;KG;03. Jan;M3;0;;0;;0;;0;;1.212.866;,
005056AB7BFC1FD0AFF7CF88ADF29A14;4100011701;FU;ZFUM;;120;KG;2;M3;0;;0;;0;;0;;2.275.722;00:01
005056AB7BFC1FD0AFF7CF88ADF35A14;4100011702;FU;ZFUM;;5;KG;0.5;M3;0;;0;;0;;0;;28.528.401;00:21
005056AB7BFC1FD0AFF7CF88ADF39A14;4100011703;FU;ZFUM;;78;KG;01. Jan;M3;0;;0;;0;;0;;46.770.628;00:35
005056AB7BFC1FD0AFF7CF88ADF41A14;4100011704;FU;ZFUM;;20;KG;01. Sep;M3;0;;0;;0;;0;;2.070.064;00:01
005056AB7BFC1FD0AFF7CF88ADF47A14;4100011705;FU;ZFUM;;99;KG;3;M3;0;;0;;0;;0;;6.683.354;00:05
005056AB7BFC1FD0AFF7CF88ADF51A14;4100011706;FU;ZFUM;;18;KG;0.1;M3;0;;0;;0;;0;;1.561.560;00:01
005056AB7BFC1FD0AFF7CF88ADF55A14;4100011707;FU;ZFUM;;130;KG;02. Aug;M3;0;;0;;0;;0;;17.070.524;00:12
005056AB7BFC1FD0AFF7CF88ADF5FA14;4100011708;FU;ZFUM;;75;KG;2;M3;0;;0;;0;;0;;45.811.754;00:34
005056AB7BFC1FD0AFF7CF88ADF69A14;4100011709;FU;ZFUM;;105;KG;03. Feb;M3;0;;0;;0;;0;;2.070.819;00:01
005056AB7BFC1FD0AFF7CF88ADF73A14;4100011710;FU;ZFUM;;23;KG;01. Jan;M3;0;;0;;0;;0;;0.777862;,
005056AB7BFC1FD0AFF7CF88ADF79A14;4100011711;FU;ZFUM;;110;KG;01. Feb;M3;0;;0;;0;;0;;33.908.782;00:25
005056AB7BFC1FD0AFF7CF88ADF83A14;4100011712;FU;ZFUM;;64;KG;01. Mai;M3;0;;0;;0;;0;;33.371.988;00:25
005056AB7BFC1FD0AFF7CF88ADF89A14;4100011713;FU;ZFUM;;61;KG;01. Apr;M3;0;;0;;0;;0;;2.264.951;00:01
005056AB7BFC1FD0AFF7CF88ADF91A14;4100011714;FU;ZFUM;;75;KG;03. Jan;M3;0;;0;;0;;0;;2.000.600;00:01
005056AB7BFC1FD0AFF7CF88ADF9DA14;4100011715;FU;ZFUM;;6;KG;0.8;M3;0;;0;;0;;0;;35.634.621;00:26
005056AB7BFC1FD0AFF7CF88ADFA1A14;4100011716;FU;ZFUM;;78;KG;02. Apr;M3;0;;0;;0;;0;;45.737.077;00:34
005056AB7BFC1FD0AFF7CF88ADFA9A14;4100011717;FU;ZFUM;;84;KG;02. Mai;M3;0;;0;;0;;0;;35.967.514;00:26
005056AB7BFC1FD0AFF7CF88ADFB3A14;4100011718;FU;ZFUM;;6;KG;0.2;M3;0;;0;;0;;0;;37.561.686;00:28
005056AB7BFC1FD0AFF7CF88ADFB7A14;4100011719;FU;ZFUM;;37;KG;01. Jul;M3;0;;0;;0;;0;;2.260.216;00:01
005056AB7BFC1FD0AFF7CF88ADFBDA14;4100011720;FU;ZFUM;;134;KG;01. Aug;M3;0;;0;;0;;0;;1.785.294;00:01
005056AB7BFC1FD0AFF7CF88ADFC7A14;4100011721;FU;ZFUM;;148;KG;01. Sep;M3;0;;0;;0;;0;;5.223.695;00:03
005056AB7BFC1FD0AFF7CF88ADFD3A14;4100011722;FU;ZFUM;;80;KG;02. Jan;M3;0;;0;;0;;0;;33.905.981;00:25
005056AB7BFC1FD0AFF7CF88ADFDBA14;4100011723;FU;ZFUM;;33;KG;1;M3;0;;0;;0;;0;;29.835.850;00:22
005056AB7BFC1FD0AFF7CF88ADFDFA14;4100011724;FU;ZFUM;;39;KG;01. Jul;M3;0;;0;;0;;0;;4.075.513;00:03
005056AB7BFC1FD0AFF7CF88ADFE7A14;4100011725;FU;ZFUM;;57;KG;2;M3;0;;0;;0;;0;;17.783.419;00:13
005056AB7BFC1FD0AFF7CF88ADFEDA14;4100011726;FU;ZFUM;;24;KG;01. Jul;M3;0;;0;;0;;0;;6.622.194;00:04
005056AB7BFC1FD0AFF7CF88ADFF3A14;4100011727;FU;ZFUM;;109;KG;03. Apr;M3;0;;0;;0;;0;;15.585.999;00:11
005056AB7BFC1FD0AFF7CF88ADFFFA14;4100011728;FU;ZFUM;;149;KG;02. Feb;M3;0;;0;;0;;0;;3.280.294;00:02
005056AB7BFC1FD0AFF7CF88AE00BA14;4100011729;FU;ZFUM;;89;KG;02. Mrz;M3;0;;0;;0;;0;;17.105.353;00:12
005056AB7BFC1FD0AFF7CF88AE015A14;4100011730;FU;ZFUM;;78;KG;2;M3;0;;0;;0;;0;;32.006.349;00:24
005056AB7BFC1FD0AFF7CF88AE01FA14;4100011731;FU;ZFUM;;132;KG;03. Sep;M3;0;;0;;0;;0;;38.392.472;00:28
005056AB7BFC1FD0AFF7CF88AE02BA14;4100011732;FU;ZFUM;;37;KG;0.9;M3;0;;0;;0;;0;;44.899.794;00:33
005056AB7BFC1FD0AFF7CF88AE02FA14;4100011733;FU;ZFUM;;29;KG;01. Jun;M3;0;;0;;0;;0;;39.029.280;00:29
005056AB7BFC1FD0AFF7CF88AE035A14;4100011734;FU;ZFUM;;153;KG;01. Jun;M3;0;;0;;0;;0;;0.536097;,
005056AB7BFC1FD0AFF7CF88AE041A14;4100011735;FU;ZFUM;;71;KG;01. Apr;M3;0;;0;;0;;0;;3.558.556;00:02
005056AB7BFC1FD0AFF7CF88AE049A14;4100011736;FU;ZFUM;;41;KG;0.6;M3;0;;0;;0;;0;;10.886.253;00:08
005056AB7BFC1FD0AFF7CF88AE04FA14;4100011737;FU;ZFUM;;41;KG;01. Aug;M3;0;;0;;0;;0;;60.624.721;00:45
005056AB7BFC1FD0AFF7CF88AE055A14;4100011738;FU;ZFUM;;145;KG;02. Jun;M3;0;;0;;0;;0;;2.791.137;00:02
005056AB7BFC1FD0AFF7CF88AE061A14;4100011739;FU;ZFUM;;74;KG;01. Jun;M3;0;;0;;0;;0;;4.795.583;00:03
005056AB7BFC1FD0AFF7CF88AE067A14;4100011740;FU;ZFUM;;92;KG;02. Sep;M3;0;;0;;0;;0;;11.840.341;00:08
005056AB7BFC1FD0AFF7CF88AE073A14;4100011741;FU;ZFUM;;19;KG;0.5;M3;0;;0;;0;;0;;44.991.959;00:33
005056AB7BFC1FD0AFF7CF88AE077A14;4100011742;FU;ZFUM;;129;KG;03. Jan;M3;0;;0;;0;;0;;32.750.763;00:24
005056AB7BFC1FD0AFF7CF88AE083A14;4100011743;FU;ZFUM;;44;KG;0.9;M3;0;;0;;0;;0;;12.642.396;00:09
005056AB7BFC1FD0AFF7CF88AE087A14;4100011744;FU;ZFUM;;10;KG;1;M3;0;;0;;0;;0;;18.450.902;00:13
005056AB7BFC1FD0AFF7CF88AE08BA14;4100011745;FU;ZFUM;;74;KG;02. Jan;M3;0;;0;;0;;0;;5.406.989;00:04
005056AB7BFC1FD0AFF7CF88AE095A14;4100011746;FU;ZFUM;;105;KG;02. Feb;M3;0;;0;;0;;0;;44.717.099;00:33
005056AB7BFC1FD0AFF7CF88AE09FA14;4100011747;FU;ZFUM;;66;KG;01. Sep;M3;0;;0;;0;;0;;13.237.248;00:09
005056AB7BFC1FD0AFF7CF88AE0A9A14;4100011748;FU;ZFUM;;20;KG;0.2;M3;0;;0;;0;;0;;25.411.927;00:19
005056AB7BFC1FD0AFF7CF88AE0ADA14;4100011749;FU;ZFUM;;77;KG;01. Apr;M3;0;;0;;0;;0;;1.645.475;00:01
005056AB7BFC1FD0AFF7CF88AE0B3A14;4100011750;FU;ZFUM;;46;KG;02. Feb;M3;0;;0;;0;;0;;3.629.815;00:02
005056AB7BFC1FD0AFF7CF88AE0BDA14;4100011751;FU;ZFUM;;127;KG;03. Apr;M3;0;;0;;0;;0;;9.847.247;00:07
005056AB7BFC1FD0AFF7CF88AE0C9A14;4100011752;FU;ZFUM;;90;KG;03. Jul;M3;0;;0;;0;;0;;5.391.172;00:04
005056AB7BFC1FD0AFF7CF88AE0D5A14;4100011753;FU;ZFUM;;35;KG;01. Apr;M3;0;;0;;0;;0;;3.977.134;00:02
005056AB7BFC1FD0AFF7CF88AE0DDA14;4100011754;FU;ZFUM;;118;KG;03. Apr;M3;0;;0;;0;;0;;1.942.616;00:01
005056AB7BFC1FD0AFF7CF88AE0E7A14;4100011755;FU;ZFUM;;55;KG;01. Jan;M3;0;;0;;0;;0;;44.632.523;00:33
005056AB7BFC1FD0AFF7CF88AE0EFA14;4100011756;FU;ZFUM;;98;KG;02. Jun;M3;0;;0;;0;;0;;1.349.539;00:01
005056AB7BFC1FD0AFF7CF88AE0F9A14;4100011757;FU;ZFUM;;40;KG;1;M3;0;;0;;0;;0;;34.731.643;00:26
005056AB7BFC1FD0AFF7CF88AE0FDA14;4100011758;FU;ZFUM;;11;KG;0.5;M3;0;;0;;0;;0;;6.645.808;00:04
005056AB7BFC1FD0AFF7CF88AE101A14;4100011759;FU;ZFUM;;122;KG;01. Sep;M3;0;;0;;0;;0;;5.782.531;00:04
005056AB7BFC1FD0AFF7CF88AE10DA14;4100011760;FU;ZFUM;;71;KG;01. Apr;M3;0;;0;;0;;0;;38.240.812;00:28
005056AB7BFC1FD0AFF7CF88AE113A14;4100011761;FU;ZFUM;;28;KG;1;M3;0;;0;;0;;0;;41.460.657;00:31
005056AB7BFC1FD0AFF7CF88AE117A14;4100011762;FU;ZFUM;;73;KG;01. Feb;M3;0;;0;;0;;0;;3.547.206;00:02
005056AB7BFC1FD0AFF7CF88AE11FA14;4100011763;FU;ZFUM;;37;KG;1;M3;0;;0;;0;;0;;44.377.627;00:33
005056AB7BFC1FD0AFF7CF88AE123A14;4100011764;FU;ZFUM;;97;KG;01. Jul;M3;0;;0;;0;;0;;1.892.253;00:01
005056AB7BFC1FD0AFF7CF88AE12DA14;4100011765;FU;ZFUM;;54;KG;01. Mrz;M3;0;;0;;0;;0;;1.882.448;00:01
005056AB7BFC1FD0AFF7CF88AE133A14;4100011766;FU;ZFUM;;23;KG;0.5;M3;0;;0;;0;;0;;60.616.690;00:45
005056AB7BFC1FD0AFF7CF88AE137A14;4100011767;FU;ZFUM;;73;KG;01. Jan;M3;0;;0;;0;;0;;44.243.878;00:33
005056AB7BFC1FD0AFF7CF88AE13DA14;4100011768;FU;ZFUM;;112;KG;03. Jul;M3;0;;0;;0;;0;;2.457.471;00:01
005056AB7BFC1FD0AFF7CF88AE149A14;4100011769;FU;ZFUM;;104;KG;01. Sep;M3;0;;0;;0;;0;;39.040.214;00:29
005056AB7BFC1FD0AFF7CF88AE153A14;4100011770;FU;ZFUM;;68;KG;1;M3;0;;0;;0;;0;;33.411.159;00:25
005056AB7BFC1FD0AFF7CF88AE15BA14;4100011771;FU;ZFUM;;32;KG;0.2;M3;0;;0;;0;;0;;2.956.910;00:02
005056AB7BFC1FD0AFF7CF88AE15FA14;4100011772;FU;ZFUM;;36;KG;0.6;M3;0;;0;;0;;0;;2.012.828;00:01
005056AB7BFC1FD0AFF7CF88AE163A14;4100011773;FU;ZFUM;;75;KG;01. Jun;M3;0;;0;;0;;0;;5.483.070;00:04
005056AB7BFC1FD0AFF7CF88AE16BA14;4100011774;FU;ZFUM;;83;KG;0.3;M3;0;;0;;0;;0;;39.937.431;00:29
005056AB7BFC1FD0AFF7CF88AE171A14;4100011775;FU;ZFUM;;91;KG;03. Apr;M3;0;;0;;0;;0;;1.055.686;,
005056AB7BFC1FD0AFF7CF88AE17DA14;4100011776;FU;ZFUM;;115;KG;03. Jun;M3;0;;0;;0;;0;;6.334.176;00:04
005056AB7BFC1FD0AFF7CF88AE189A14;4100011777;FU;ZFUM;;137;KG;02. Jun;M3;0;;0;;0;;0;;15.103.316;00:11
005056AB7BFC1FD0AFF7CF88AE193A14;4100011778;FU;ZFUM;;67;KG;1;M3;0;;0;;0;;0;;35.046.450;00:26
005056AB7BFC1FD0AFF7CF88AE19BA14;4100011779;FU;ZFUM;;84;KG;01. Feb;M3;0;;0;;0;;0;;1.935.917;00:01
005056AB7BFC1FD0AFF7CF88AE1A3A14;4100011780;FU;ZFUM;;54;KG;01. Jul;M3;0;;0;;0;;0;;3.345.641;00:02
005056AB7BFC1FD0AFF7CF88AE1ABA14;4100011781;FU;ZFUM;;43;KG;0.5;M3;0;;0;;0;;0;;5.414.257;00:04
005056AB7BFC1FD0AFF7CF88AE1AFA14;4100011782;FU;ZFUM;;114;KG;01. Mai;M3;0;;0;;0;;0;;5.989.932;00:04
005056AB7BFC1FD0AFF7CF88AE1BBA14;4100011783;FU;ZFUM;;78;KG;01. Aug;M3;0;;0;;0;;0;;33.517.775;00:25
005056AB7BFC1FD0AFF7CF88AE1C5A14;4100011784;FU;ZFUM;;21;KG;0.9;M3;0;;0;;0;;0;;0.218610;,
005056AB7BFC1FD0AFF7CF88AE1C9A14;4100011785;FU;ZFUM;;24;KG;01. Jul;M3;0;;0;;0;;0;;5.746.896;00:04
005056AB7BFC1FD0AFF7CF88AE1D1A14;4100011786;FU;ZFUM;;27;KG;0.5;M3;0;;0;;0;;0;;1.739.165;00:01
005056AB7BFC1FD0AFF7CF88AE1D7A14;4100011787;FU;ZFUM;;49;KG;0.9;M3;0;;0;;0;;0;;11.373.139;00:08
005056AB7BFC1FD0AFF7CF88AE1DDA14;4100011788;FU;ZFUM;;116;KG;02. Jul;M3;0;;0;;0;;0;;0.420922;,
005056AB7BFC1FD0AFF7CF88AE1E9A14;4100011789;FU;ZFUM;;57;KG;01. Jan;M3;0;;0;;0;;0;;11.759.050;00:08
005056AB7BFC1FD0AFF7CF88AE1EFA14;4100011790;FU;ZFUM;;175;KG;03. Jul;M3;0;;0;;0;;0;;35.074.648;00:26
005056AB7BFC1FD0AFF7CF88AE1FBA14;4100011791;FU;ZFUM;;111;KG;03. Jan;M3;0;;0;;0;;0;;33.010.472;00:24
005056AB7BFC1FD0AFF7CF88AE207A14;4100011792;FU;ZFUM;;77;KG;01. Jun;M3;0;;0;;0;;0;;5.244.036;00:03
005056AB7BFC1FD0AFF7CF88AE20FA14;4100011793;FU;ZFUM;;40;KG;01. Jan;M3;0;;0;;0;;0;;11.032.528;00:08
005056AB7BFC1FD0AFF7CF88AE215A14;4100011794;FU;ZFUM;;27;KG;0.8;M3;0;;0;;0;;0;;1.177.256;,
005056AB7BFC1FD0AFF7CF88AE219A14;4100011795;FU;ZFUM;;85;KG;0.9;M3;0;;0;;0;;0;;16.509.649;00:12
005056AB7BFC1FD0AFF7CF88AE221A14;4100011796;FU;ZFUM;;88;KG;02. Sep;M3;0;;0;;0;;0;;4.861.223;00:03
005056AB7BFC1FD0AFF7CF88AE22DA14;4100011797;FU;ZFUM;;59;KG;01. Sep;M3;0;;0;;0;;0;;6.801.851;00:05
005056AB7BFC1FD0AFF7CF88AE235A14;4100011798;FU;ZFUM;;58;KG;01. Aug;M3;0;;0;;0;;0;;20.763.360;00:15
005056AB7BFC1FD0AFF7CF88AE23DA14;4100011799;FU;ZFUM;;62;KG;01. Jan;M3;0;;0;;0;;0;;31.338.566;00:23
005056AB7BFC1FD0AFF7CF88AE243A14;4100011800;FU;ZFUM;;88;KG;02. Feb;M3;0;;0;;0;;0;;16.253.659;00:12
005056AB7BFC1FD0AFF7CF88AE24DA14;4100011801;FU;ZFUM;;42;KG;01. Jan;M3;0;;0;;0;;0;;1.564.756;00:01
005056AB7BFC1FD0AFF7CF88AE253A14;4100011802;FU;ZFUM;;15;KG;0.6;M3;0;;0;;0;;0;;3.579.546;00:02
005056AB7BFC1FD0AFF7CF88AE257A14;4100011803;FU;ZFUM;;74;KG;02. Jan;M3;0;;0;;0;;0;;40.219.163;00:30
005056AB7BFC1FD0AFF7CF88AE261A14;4100011804;FU;ZFUM;;5;KG;0.5;M3;0;;0;;0;;0;;8.113.937;00:06
005056AB7BFC1FD0AFF7CF88AE265A14;4100011805;FU;ZFUM;;35;KG;0.8;M3;0;;0;;0;;0;;33.944.634;00:25
005056AB7BFC1FD0AFF7CF88AE269A14;4100011806;FU;ZFUM;;82;KG;01. Apr;M3;0;;0;;0;;0;;44.912.421;00:33
005056AB7BFC1FD0AFF7CF88AE26FA14;4100011807;FU;ZFUM;;11;KG;0.4;M3;0;;0;;0;;0;;16.813.742;00:12
005056AB7BFC1FD0AFF7CF88AE273A14;4100011808;FU;ZFUM;;104;KG;01. Mrz;M3;0;;0;;0;;0;;1.402.373;00:01
005056AB7BFC1FD0AFF7CF88AE27DA14;4100011809;FU;ZFUM;;64;KG;3;M3;0;;0;;0;;0;;22.224.656;00:16
005056AB7BFC1FD0AFF7CF88AE289A14;4100011810;FU;ZFUM;;25;KG;0.5;M3;0;;0;;0;;0;;33.651.009;00:25
005056AB7BFC1FD0AFF7CF88AE28DA14;4100011811;FU;ZFUM;;57;KG;0.4;M3;0;;0;;0;;0;;1.345.987;00:01
005056AB7BFC1FD0AFF7CF88AE293A14;4100011812;FU;ZFUM;;61;KG;02. Apr;M3;0;;0;;0;;0;;11.399.658;00:08
005056AB7BFC1FD0AFF7CF88AE29DA14;4100011813;FU;ZFUM;;78;KG;02. Jun;M3;0;;0;;0;;0;;29.393.502;00:22
005056AB7BFC1FD0AFF7CF88AE2A9A14;4100011814;FU;ZFUM;;125;KG;02. Mai;M3;0;;0;;0;;0;;5.951.954;00:04
005056AB7BFC1FD0AFF7CF88AE2B5A14;4100011815;FU;ZFUM;;63;KG;01. Aug;M3;0;;0;;0;;0;;14.495.524;00:10
005056AB7BFC1FD0AFF7CF88AE2BDA14;4100011816;FU;ZFUM;;13;KG;0.6;M3;0;;0;;0;;0;;32.942.044;00:24
005056AB7BFC1FD0AFF7CF88AE2C1A14;4100011817;FU;ZFUM;;94;KG;2;M3;0;;0;;0;;0;;1.952.276;00:01
005056AB7BFC1FD0AFF7CF88AE2C9A14;4100011818;FU;ZFUM;;115;KG;02. Mrz;M3;0;;0;;0;;0;;42.244.774;00:31
005056AB7BFC1FD0AFF7CF88AE2D3A14;4100011819;FU;ZFUM;;136;KG;01. Aug;M3;0;;0;;0;;0;;35.946.959;00:26
005056AB7BFC1FD0AFF7CF88AE2DFA14;4100011820;FU;ZFUM;;55;KG;0.9;M3;0;;0;;0;;0;;34.951.725;00:26
005056AB7BFC1FD0AFF7CF88AE2E5A14;4100011821;FU;ZFUM;;145;KG;03. Jul;M3;0;;0;;0;;0;;0.586214;,
005056AB7BFC1FD0AFF7CF88AE2F1A14;4100011822;FU;ZFUM;;5;KG;0.2;M3;0;;0;;0;;0;;34.627.470;00:25
005056AB7BFC1FD0AFF7CF88AE2F5A14;4100011823;FU;ZFUM;;76;KG;01. Mrz;M3;0;;0;;0;;0;;24.101.258;00:18
005056AB7BFC1FD0AFF7CF88AE2FBA14;4100011824;FU;ZFUM;;108;KG;01. Aug;M3;0;;0;;0;;0;;27.486.295;00:20
005056AB7BFC1FD0AFF7CF88AE305A14;4100011825;FU;ZFUM;;90;KG;2;M3;0;;0;;0;;0;;1.985.209;00:01
005056AB7BFC1FD0AFF7CF88AE30FA14;4100011826;FU;ZFUM;;84;KG;02. Jan;M3;0;;0;;0;;0;;41.126.273;00:30
005056AB7BFC1FD0AFF7CF88AE31BA14;4100011827;FU;ZFUM;;91;KG;03. Mai;M3;0;;0;;0;;0;;44.745.685;00:33
005056AB7BFC1FD0AFF7CF88AE327A14;4100011828;FU;ZFUM;;35;KG;01. Apr;M3;0;;0;;0;;0;;0.817434;,
005056AB7BFC1FD0AFF7CF88AE32DA14;4100011829;FU;ZFUM;;22;KG;0.4;M3;0;;0;;0;;0;;39.991.404;00:30
005056AB7BFC1FD0AFF7CF88AE331A14;4100011830;FU;ZFUM;;75;KG;01. Mai;M3;0;;0;;0;;0;;44.920.585;00:33
005056AB7BFC1FD0AFF7CF88AE337A14;4100011831;FU;ZFUM;;56;KG;01. Mrz;M3;0;;0;;0;;0;;32.432.052;00:24
005056AB7BFC1FD0AFF7CF88AE33FA14;4100011832;FU;ZFUM;;29;KG;0.5;M3;0;;0;;0;;0;;37.448.806;00:28
005056AB7BFC1FD0AFF7CF88AE343A14;4100011833;FU;ZFUM;;37;KG;0.4;M3;0;;0;;0;;0;;40.775.478;00:30
005056AB7BFC1FD0AFF7CF88AE347A14;4100011834;FU;ZFUM;;7;KG;0.7;M3;0;;0;;0;;0;;16.224.179;00:12
005056AB7BFC1FD0AFF7CF88AE34BA14;4100011835;FU;ZFUM;;129;KG;03. Aug;M3;0;;0;;0;;0;;4.680.399;00:03
005056AB7BFC1FD0AFF7CF88AE357A14;4100011836;FU;ZFUM;;37;KG;01. Jun;M3;0;;0;;0;;0;;35.798.809;00:26
005056AB7BFC1FD0AFF7CF88AE35DA14;4100011837;FU;ZFUM;;40;KG;01. Apr;M3;0;;0;;0;;0;;35.349.914;00:26
005056AB7BFC1FD0AFF7CF88AE363A14;4100011838;FU;ZFUM;;149;KG;2;M3;0;;0;;0;;0;;4.446.323;00:03
005056AB7BFC1FD0AFF7CF88AE36FA14;4100011839;FU;ZFUM;;73;KG;01. Mai;M3;0;;0;;0;;0;;1.772.483;00:01
005056AB7BFC1FD0AFF7CF88AE377A14;4100011840;FU;ZFUM;;39;KG;0.1;M3;0;;0;;0;;0;;3.309.036;00:02
005056AB7BFC1FD0AFF7CF88AE37BA14;4100011841;FU;ZFUM;;164;KG;01. Sep;M3;0;;0;;0;;0;;35.884.469;00:26
005056AB7BFC1FD0AFF7CF88AE387A14;4100011842;FU;ZFUM;;57;KG;2;M3;0;;0;;0;;0;;1.567.445;00:01
005056AB7BFC1FD0AFF7CF88AE38FA14;4100011843;FU;ZFUM;;107;KG;3;M3;0;;0;;0;;0;;3.140.940;00:02
005056AB7BFC1FD0AFF7CF88AE39BA14;4100011844;FU;ZFUM;;142;KG;02. Jul;M3;0;;0;;0;;0;;12.168.068;00:09
005056AB7BFC1FD0AFF7CF88AE3A7A14;4100011845;FU;ZFUM;;75;KG;02. Apr;M3;0;;0;;0;;0;;1.468.899;00:01
005056AB7BFC1FD0AFF7CF88AE3B3A14;4100011846;FU;ZFUM;;102;KG;01. Mai;M3;0;;0;;0;;0;;11.465.276;00:08
005056AB7BFC1FD0AFF7CF88AE3BBA14;4100011847;FU;ZFUM;;60;KG;02. Mai;M3;0;;0;;0;;0;;40.383.839;00:30
005056AB7BFC1FD0AFF7CF88AE3C5A14;4100011848;FU;ZFUM;;50;KG;1;M3;0;;0;;0;;0;;38.720.060;00:29
005056AB7BFC1FD0AFF7CF88AE3CBA14;4100011849;FU;ZFUM;;92;KG;01. Mai;M3;0;;0;;0;;0;;5.473.184;00:04
005056AB7BFC1FD0AFF7CF88AE3D3A14;4100011850;FU;ZFUM;;20;KG;0.1;M3;0;;0;;0;;0;;13.147.485;00:09
005056AB7BFC1FD0AFF7CF88AE3D7A14;4100011851;FU;ZFUM;;45;KG;0.9;M3;0;;0;;0;;0;;1.403.208;00:01
005056AB7BFC1FD0AFF7CF88AE3DDA14;4100011852;FU;ZFUM;;122;KG;03. Mrz;M3;0;;0;;0;;0;;5.569.939;00:04
005056AB7BFC1FD0AFF7CF88AE3E9A14;4100011853;FU;ZFUM;;75;KG;02. Feb;M3;0;;0;;0;;0;;19.202.540;00:14
005056AB7BFC1FD0AFF7CF88AE3F1A14;4100011854;FU;ZFUM;;150;KG;0.8;M3;0;;0;;0;;0;;1.880.292;00:01
005056AB7BFC1FD0AFF7CF88AE3FDA14;4100011855;FU;ZFUM;;32;KG;01. Feb;M3;0;;0;;0;;0;;36.527.701;00:27
005056AB7BFC1FD0AFF7CF88AE403A14;4100011856;FU;ZFUM;;117;KG;02. Feb;M3;0;;0;;0;;0;;4.957.882;00:03
005056AB7BFC1FD0AFF7CF88AE40DA14;4100011857;FU;ZFUM;;36;KG;01. Jan;M3;0;;0;;0;;0;;5.979.262;00:04
005056AB7BFC1FD0AFF7CF88AE413A14;4100011858;FU;ZFUM;;26;KG;1;M3;0;;0;;0;;0;;0.239925;,
005056AB7BFC1FD0AFF7CF88AE419A14;4100011859;FU;ZFUM;;84;KG;02. Jan;M3;0;;0;;0;;0;;1.685.493;00:01
005056AB7BFC1FD0AFF7CF88AE423A14;4100011860;FU;ZFUM;;79;KG;01. Apr;M3;0;;0;;0;;0;;38.396.884;00:28
005056AB7BFC1FD0AFF7CF88AE429A14;4100011861;FU;ZFUM;;10;KG;0.2;M3;0;;0;;0;;0;;36.240.160;00:27
005056AB7BFC1FD0AFF7CF88AE42DA14;4100011862;FU;ZFUM;;153;KG;03. Mai;M3;0;;0;;0;;0;;8.206.304;00:06
005056AB7BFC1FD0AFF7CF88AE439A14;4100011863;FU;ZFUM;;97;KG;02. Mrz;M3;0;;0;;0;;0;;33.923.741;00:25
005056AB7BFC1FD0AFF7CF88AE441A14;4100011864;FU;ZFUM;;28;KG;01. Apr;M3;0;;0;;0;;0;;1.122.172;,
